,Custo,Custo,Gap (%),Gap (%),Tempo (s),Tempo (s)
,mean,std,mean,std,mean,std
Método,,,,,,
BB,1041.1666666666667,529.896656591327,0.16833333333333333,0.41233077336850166,1.6333333333333335,1.7892531030199912
PLI,612.75,634.4099423874125,0.7366666666666667,1.7898007337876098,0.011666666666666667,0.013291601358251259
